[{"id":"user-image-732200.png","publicUrl":"np://user.desktop.nicepage.com/Site_288299756/images/732200.png","size":3212,"fileName":"732200.png","name":"732200","width":128,"height":128,"thumbnail":{"url":"np://user.desktop.nicepage.com/Site_288299756/images/thumbnails/732200.png","width":128,"height":128,"length":3212}},{"id":"user-image-733547.png","publicUrl":"np://user.desktop.nicepage.com/Site_288299756/images/733547.png","size":1481,"fileName":"733547.png","name":"733547","width":128,"height":128,"thumbnail":{"url":"np://user.desktop.nicepage.com/Site_288299756/images/thumbnails/733547.png","width":128,"height":128,"length":1481}},{"id":"user-image-2111463.png","publicUrl":"np://user.desktop.nicepage.com/Site_288299756/images/2111463.png","size":10067,"fileName":"2111463.png","name":"2111463","width":128,"height":128,"thumbnail":{"url":"np://user.desktop.nicepage.com/Site_288299756/images/thumbnails/2111463.png","width":128,"height":128,"length":10067}},{"id":"user-image-pexelsphoto3220731.jpeg","publicUrl":"np://user.desktop.nicepage.com/Site_288299756/images/pexelsphoto3220731.jpeg","size":215488,"fileName":"pexelsphoto3220731.jpeg","name":"pexelsphoto3220731","width":2000,"height":1500,"thumbnail":{"url":"np://user.desktop.nicepage.com/Site_288299756/images/thumbnails/pexelsphoto3220731.jpeg","width":250,"height":188},"originalUrl":"//images03.nicepage.com/a1389d7bc73adea1e1c1fb7e/d0343fabfcf25fd181e0dd54/pexelsphoto3220731.jpeg"},{"id":"user-image-project_20221113_1555449-013.png","publicUrl":"np://user.desktop.nicepage.com/Site_288299756/images/project_20221113_1555449-013.png","size":26492,"fileName":"project_20221113_1555449-013.png","name":"project_20221113_1555449-013","width":1200,"height":630,"thumbnail":{"url":"np://user.desktop.nicepage.com/Site_288299756/images/thumbnails/project_20221113_1555449-013.png","width":250,"height":131}},{"id":"user-image-project_20221123_2032492-011.png","publicUrl":"np://user.desktop.nicepage.com/Site_288299756/images/project_20221123_2032492-011.png","size":147252,"fileName":"project_20221123_2032492-011.png","name":"project_20221123_2032492-011","width":1200,"height":630,"thumbnail":{"url":"np://user.desktop.nicepage.com/Site_288299756/images/thumbnails/project_20221123_2032492-011.png","width":250,"height":131}},{"id":"user-image-IMG202211151419212-01.jpeg.jpg","publicUrl":"np://user.desktop.nicepage.com/Site_288299756/images/IMG202211151419212-01.jpeg.jpg","size":212826,"fileName":"IMG202211151419212-01.jpeg.jpg","name":"IMG202211151419212-01.jpeg","width":845,"height":845,"thumbnail":{"url":"np://user.desktop.nicepage.com/Site_288299756/images/thumbnails/IMG202211151419212-01.jpeg.jpg","width":250,"height":250}},{"id":"user-image-project_20221123_2040154-01.png","publicUrl":"np://user.desktop.nicepage.com/Site_288299756/images/project_20221123_2040154-01.png","size":178203,"fileName":"project_20221123_2040154-01.png","name":"project_20221123_2040154-01","width":1200,"height":630,"thumbnail":{"url":"np://user.desktop.nicepage.com/Site_288299756/images/thumbnails/project_20221123_2040154-01.png","width":250,"height":131}},{"id":"user-image-xz.jpg","publicUrl":"np://user.desktop.nicepage.com/Site_288299756/images/xz.jpg","size":170577,"fileName":"xz.jpg","name":"xz","width":1980,"height":1320,"thumbnail":{"url":"np://user.desktop.nicepage.com/Site_288299756/images/thumbnails/xz.jpg","width":250,"height":167},"originalUrl":"//images01.nicepage.com/c461c07a441a5d220e8feb1a/f4d17850d66250cb9686206f/xz.jpg"},{"id":"user-image-IMG_20210914_151033-01.jpeg.jpg","publicUrl":"np://user.desktop.nicepage.com/Site_288299756/images/IMG_20210914_151033-01.jpeg.jpg","size":792027,"fileName":"IMG_20210914_151033-01.jpeg.jpg","name":"IMG_20210914_151033-01.jpeg","width":1601,"height":1601,"thumbnail":{"url":"np://user.desktop.nicepage.com/Site_288299756/images/thumbnails/IMG_20210914_151033-01.jpeg.jpg","width":250,"height":250}},{"id":"user-image-IMG20221117183842-012.jpeg","publicUrl":"np://user.desktop.nicepage.com/Site_288299756/images/IMG20221117183842-012.jpeg","size":3794165,"fileName":"IMG20221117183842-012.jpeg","name":"IMG20221117183842-012","width":2885,"height":2885,"thumbnail":{"url":"np://user.desktop.nicepage.com/Site_288299756/images/thumbnails/IMG20221117183842-012.jpeg","width":250,"height":250}},{"id":"user-image-IMG_20190110_103717__01-01.jpeg","publicUrl":"np://user.desktop.nicepage.com/Site_288299756/images/IMG_20190110_103717__01-01.jpeg","size":2907628,"fileName":"IMG_20190110_103717__01-01.jpeg","name":"IMG_20190110_103717__01-01","width":3253,"height":2176,"thumbnail":{"url":"np://user.desktop.nicepage.com/Site_288299756/images/thumbnails/IMG_20190110_103717__01-01.jpeg","width":250,"height":167}},{"id":"user-image-IMG_20220715_155417-01.jpeg","publicUrl":"np://user.desktop.nicepage.com/Site_288299756/images/IMG_20220715_155417-01.jpeg","size":1731106,"fileName":"IMG_20220715_155417-01.jpeg","name":"IMG_20220715_155417-01","width":2148,"height":2149,"thumbnail":{"url":"np://user.desktop.nicepage.com/Site_288299756/images/thumbnails/IMG_20220715_155417-01.jpeg","width":250,"height":250}},{"id":"user-image-2706fde97d7f33b001a91190fd77baadd0f494645b74e05a485d39c7f65273389f481ffaacc4f8a6fdca68f69d26c9de67af7ab576bf8bc15e27f5_1280.jpg","publicUrl":"np://user.desktop.nicepage.com/Site_288299756/images/2706fde97d7f33b001a91190fd77baadd0f494645b74e05a485d39c7f65273389f481ffaacc4f8a6fdca68f69d26c9de67af7ab576bf8bc15e27f5_1280.jpg","size":729877,"fileName":"2706fde97d7f33b001a91190fd77baadd0f494645b74e05a485d39c7f65273389f481ffaacc4f8a6fdca68f69d26c9de67af7ab576bf8bc15e27f5_1280.jpg","name":"2706fde97d7f33b001a91190fd77baadd0f494645b74e05a485d39c7f65273389f481ffaacc4f8a6fdca68f69d26c9de67af7ab576bf8bc15e27f5_1280","width":1280,"height":1032,"thumbnail":{"url":"np://user.desktop.nicepage.com/Site_288299756/images/thumbnails/2706fde97d7f33b001a91190fd77baadd0f494645b74e05a485d39c7f65273389f481ffaacc4f8a6fdca68f69d26c9de67af7ab576bf8bc15e27f5_1280.jpg","width":250,"height":202}},{"id":"user-image-clint-mckoy-YdnzN-Vrhqc-unsplash.jpg","publicUrl":"np://user.desktop.nicepage.com/Site_288299756/images/clint-mckoy-YdnzN-Vrhqc-unsplash.jpg","size":2350067,"fileName":"clint-mckoy-YdnzN-Vrhqc-unsplash.jpg","name":"clint-mckoy-YdnzN-Vrhqc-unsplash","width":9504,"height":6336,"thumbnail":{"url":"np://user.desktop.nicepage.com/Site_288299756/images/thumbnails/clint-mckoy-YdnzN-Vrhqc-unsplash.jpg","width":250,"height":167}},{"id":"user-image-Breakingthroughartwork-011.jpeg","publicUrl":"np://user.desktop.nicepage.com/Site_288299756/images/Breakingthroughartwork-011.jpeg","size":900028,"fileName":"Breakingthroughartwork-011.jpeg","name":"Breakingthroughartwork-011","width":3335,"height":3335,"thumbnail":{"url":"np://user.desktop.nicepage.com/Site_288299756/images/thumbnails/Breakingthroughartwork-011.jpeg","width":250,"height":250}},{"id":"user-image-Screenshot_20221124-152043_Photos-01.jpeg","publicUrl":"np://user.desktop.nicepage.com/Site_288299756/images/Screenshot_20221124-152043_Photos-01.jpeg","size":561996,"fileName":"Screenshot_20221124-152043_Photos-01.jpeg","name":"Screenshot_20221124-152043_Photos-01","width":1080,"height":1079,"thumbnail":{"url":"np://user.desktop.nicepage.com/Site_288299756/images/thumbnails/Screenshot_20221124-152043_Photos-01.jpeg","width":250,"height":250}},{"id":"user-image-IMG_20210107_101529_997-01-01.jpeg","publicUrl":"np://user.desktop.nicepage.com/Site_288299756/images/IMG_20210107_101529_997-01-01.jpeg","size":5178497,"fileName":"IMG_20210107_101529_997-01-01.jpeg","name":"IMG_20210107_101529_997-01-01","width":3000,"height":2123,"thumbnail":{"url":"np://user.desktop.nicepage.com/Site_288299756/images/thumbnails/IMG_20210107_101529_997-01-01.jpeg","width":250,"height":177}},{"id":"user-image-hushaan-fromtinyisles-Jvx1zlTEOaM-unsplash.jpg","publicUrl":"np://user.desktop.nicepage.com/Site_288299756/images/hushaan-fromtinyisles-Jvx1zlTEOaM-unsplash.jpg","size":3360134,"fileName":"hushaan-fromtinyisles-Jvx1zlTEOaM-unsplash.jpg","name":"hushaan-fromtinyisles-Jvx1zlTEOaM-unsplash","width":5464,"height":3640,"thumbnail":{"url":"np://user.desktop.nicepage.com/Site_288299756/images/thumbnails/hushaan-fromtinyisles-Jvx1zlTEOaM-unsplash.jpg","width":250,"height":167}},{"id":"user-image-pawel-czerwinski-yI4I3OrpB0I-unsplash.jpg","publicUrl":"np://user.desktop.nicepage.com/Site_288299756/images/pawel-czerwinski-yI4I3OrpB0I-unsplash.jpg","size":3019031,"fileName":"pawel-czerwinski-yI4I3OrpB0I-unsplash.jpg","name":"pawel-czerwinski-yI4I3OrpB0I-unsplash","width":4500,"height":3000,"thumbnail":{"url":"np://user.desktop.nicepage.com/Site_288299756/images/thumbnails/pawel-czerwinski-yI4I3OrpB0I-unsplash.jpg","width":250,"height":167}},{"id":"user-image-pngwing.com.png","publicUrl":"np://user.desktop.nicepage.com/Site_288299756/images/pngwing.com.png","size":11830,"fileName":"pngwing.com.png","name":"pngwing.com","width":500,"height":500,"thumbnail":{"url":"np://user.desktop.nicepage.com/Site_288299756/images/thumbnails/pngwing.com.png","width":250,"height":250}},{"id":"user-image-orfeas-green-G5A5ZNjS2tE-unsplash.jpg","publicUrl":"np://user.desktop.nicepage.com/Site_288299756/images/orfeas-green-G5A5ZNjS2tE-unsplash.jpg","size":898183,"fileName":"orfeas-green-G5A5ZNjS2tE-unsplash.jpg","name":"orfeas-green-G5A5ZNjS2tE-unsplash","width":2631,"height":2629,"thumbnail":{"url":"np://user.desktop.nicepage.com/Site_288299756/images/thumbnails/orfeas-green-G5A5ZNjS2tE-unsplash.jpg","width":250,"height":250}},{"id":"user-image-rahul-jain-JOYtT8_Y7c8-unsplash.jpg","publicUrl":"np://user.desktop.nicepage.com/Site_288299756/images/rahul-jain-JOYtT8_Y7c8-unsplash.jpg","size":924130,"fileName":"rahul-jain-JOYtT8_Y7c8-unsplash.jpg","name":"rahul-jain-JOYtT8_Y7c8-unsplash","width":3232,"height":2424,"thumbnail":{"url":"np://user.desktop.nicepage.com/Site_288299756/images/thumbnails/rahul-jain-JOYtT8_Y7c8-unsplash.jpg","width":250,"height":188}},{"id":"user-image-rhondak-native-florida-folk-artist-_Yc7OtfFn-0-unsplash.jpg","publicUrl":"np://user.desktop.nicepage.com/Site_288299756/images/rhondak-native-florida-folk-artist-_Yc7OtfFn-0-unsplash.jpg","size":1671306,"fileName":"rhondak-native-florida-folk-artist-_Yc7OtfFn-0-unsplash.jpg","name":"rhondak-native-florida-folk-artist-_Yc7OtfFn-0-unsplash","width":2448,"height":2448,"thumbnail":{"url":"np://user.desktop.nicepage.com/Site_288299756/images/thumbnails/rhondak-native-florida-folk-artist-_Yc7OtfFn-0-unsplash.jpg","width":250,"height":250}},{"id":"user-image-Screenshot_20221124-165810_Photos.png","publicUrl":"np://user.desktop.nicepage.com/Site_288299756/images/Screenshot_20221124-165810_Photos.png","size":4253452,"fileName":"Screenshot_20221124-165810_Photos.png","name":"Screenshot_20221124-165810_Photos","width":1080,"height":2400,"thumbnail":{"url":"np://user.desktop.nicepage.com/Site_288299756/images/thumbnails/Screenshot_20221124-165810_Photos.png","width":113,"height":250}},{"id":"user-image-rahul-jain-JOYtT8_Y7c8-unsplash-01.jpeg","publicUrl":"np://user.desktop.nicepage.com/Site_288299756/images/rahul-jain-JOYtT8_Y7c8-unsplash-01.jpeg","size":2549839,"fileName":"rahul-jain-JOYtT8_Y7c8-unsplash-01.jpeg","name":"rahul-jain-JOYtT8_Y7c8-unsplash-01","width":2426,"height":2423,"thumbnail":{"url":"np://user.desktop.nicepage.com/Site_288299756/images/thumbnails/rahul-jain-JOYtT8_Y7c8-unsplash-01.jpeg","width":250,"height":250}}]