[{"id":"user-image-pexels-photo-3916422.jpeg","publicUrl":"np://user.desktop.nicepage.com/Site_183763631/images/pexels-photo-3916422.jpeg","size":168494,"fileName":"pexels-photo-3916422.jpeg","name":"pexels-photo-3916422","width":1000,"height":1500,"thumbnail":{"url":"np://user.desktop.nicepage.com/Site_183763631/images/thumbnails/pexels-photo-3916422.jpeg","width":167,"height":250},"originalUrl":"https://images03.nicepage.com/a1389d7bc73adea1e1c1fb7e/334c2d1ad56e55a6add2b2d6/pexels-photo-3916422.jpeg"},{"id":"user-image-5f4c11b4a02bd87219e1904e45b3a904ed666a496f90cd24d21cf547aa208e09a44ca847a28c03f8afd505b94836f3f581fb52777c283593c61b55_1280.jpg","publicUrl":"np://user.desktop.nicepage.com/Site_183763631/images/5f4c11b4a02bd87219e1904e45b3a904ed666a496f90cd24d21cf547aa208e09a44ca847a28c03f8afd505b94836f3f581fb52777c283593c61b55_1280.jpg","size":331192,"fileName":"5f4c11b4a02bd87219e1904e45b3a904ed666a496f90cd24d21cf547aa208e09a44ca847a28c03f8afd505b94836f3f581fb52777c283593c61b55_1280.jpg","name":"5f4c11b4a02bd87219e1904e45b3a904ed666a496f90cd24d21cf547aa208e09a44ca847a28c03f8afd505b94836f3f581fb52777c283593c61b55_1280","width":1280,"height":855,"thumbnail":{"url":"np://user.desktop.nicepage.com/Site_183763631/images/thumbnails/5f4c11b4a02bd87219e1904e45b3a904ed666a496f90cd24d21cf547aa208e09a44ca847a28c03f8afd505b94836f3f581fb52777c283593c61b55_1280.jpg","width":250,"height":167}},{"id":"user-image-pexels-photo-1671444.jpeg","publicUrl":"np://user.desktop.nicepage.com/Site_183763631/images/pexels-photo-1671444.jpeg","size":89868,"fileName":"pexels-photo-1671444.jpeg","name":"pexels-photo-1671444","width":1071,"height":1500,"thumbnail":{"url":"np://user.desktop.nicepage.com/Site_183763631/images/thumbnails/pexels-photo-1671444.jpeg","width":179,"height":250},"originalUrl":"//images03.nicepage.com/a1389d7bc73adea1e1c1fb7e/28f673b8d42557d1aad2537b/pexels-photo-1671444.jpeg?version="},{"id":"user-image-pexels-photo-1719641.jpeg","publicUrl":"np://user.desktop.nicepage.com/Site_183763631/images/pexels-photo-1719641.jpeg","size":150748,"fileName":"pexels-photo-1719641.jpeg","name":"pexels-photo-1719641","width":996,"height":1500,"thumbnail":{"url":"np://user.desktop.nicepage.com/Site_183763631/images/thumbnails/pexels-photo-1719641.jpeg","width":166,"height":250},"originalUrl":"https://images03.nicepage.com/a1389d7bc73adea1e1c1fb7e/c3da9eef93f251c98be4a77c/pexels-photo-1719641.jpeg"},{"id":"user-image-pexels-photo-2823459.jpeg","publicUrl":"np://user.desktop.nicepage.com/Site_183763631/images/pexels-photo-2823459.jpeg","size":30362,"fileName":"pexels-photo-2823459.jpeg","name":"pexels-photo-2823459","width":1000,"height":1500,"thumbnail":{"url":"np://user.desktop.nicepage.com/Site_183763631/images/thumbnails/pexels-photo-2823459.jpeg","width":167,"height":250},"originalUrl":"https://images03.nicepage.com/a1389d7bc73adea1e1c1fb7e/2f1a3125d5735c5fae777d26/pexels-photo-2823459.jpeg"},{"id":"user-image-pexels-photo-3006003.jpeg","publicUrl":"np://user.desktop.nicepage.com/Site_183763631/images/pexels-photo-3006003.jpeg","size":279541,"fileName":"pexels-photo-3006003.jpeg","name":"pexels-photo-3006003","width":1000,"height":1500,"thumbnail":{"url":"np://user.desktop.nicepage.com/Site_183763631/images/thumbnails/pexels-photo-3006003.jpeg","width":167,"height":250},"originalUrl":"https://images03.nicepage.com/a1389d7bc73adea1e1c1fb7e/6300291be8d356b88ec77a6e/pexels-photo-3006003.jpeg"},{"id":"user-image-pexels-photo-3541389.jpeg","publicUrl":"np://user.desktop.nicepage.com/Site_183763631/images/pexels-photo-3541389.jpeg","size":119282,"fileName":"pexels-photo-3541389.jpeg","name":"pexels-photo-3541389","width":1001,"height":1500,"thumbnail":{"url":"np://user.desktop.nicepage.com/Site_183763631/images/thumbnails/pexels-photo-3541389.jpeg","width":167,"height":250},"originalUrl":"https://images03.nicepage.com/a1389d7bc73adea1e1c1fb7e/4697ca9c085651e1b833b7c6/pexels-photo-3541389.jpeg"},{"id":"user-image-pexels-photo-4099388.jpeg","publicUrl":"np://user.desktop.nicepage.com/Site_183763631/images/pexels-photo-4099388.jpeg","size":156674,"fileName":"pexels-photo-4099388.jpeg","name":"pexels-photo-4099388","width":1000,"height":1500,"thumbnail":{"url":"np://user.desktop.nicepage.com/Site_183763631/images/thumbnails/pexels-photo-4099388.jpeg","width":167,"height":250},"originalUrl":"https://images03.nicepage.com/a1389d7bc73adea1e1c1fb7e/323753a16fe7582eb1443667/pexels-photo-4099388.jpeg"},{"id":"user-image-pexels-photo-5207249.jpeg","publicUrl":"np://user.desktop.nicepage.com/Site_183763631/images/pexels-photo-5207249.jpeg","size":266810,"fileName":"pexels-photo-5207249.jpeg","name":"pexels-photo-5207249","width":1125,"height":1500,"thumbnail":{"url":"np://user.desktop.nicepage.com/Site_183763631/images/thumbnails/pexels-photo-5207249.jpeg","width":188,"height":250},"originalUrl":"//images03.nicepage.com/a1389d7bc73adea1e1c1fb7e/4a47c8a6031d5a7f905d4383/pexels-photo-5207249.jpeg?version="},{"id":"user-image-pexels-photo-5480789.jpeg","publicUrl":"np://user.desktop.nicepage.com/Site_183763631/images/pexels-photo-5480789.jpeg","size":115320,"fileName":"pexels-photo-5480789.jpeg","name":"pexels-photo-5480789","width":1001,"height":750,"thumbnail":{"url":"np://user.desktop.nicepage.com/Site_183763631/images/thumbnails/pexels-photo-5480789.jpeg","width":250,"height":187},"originalUrl":"//images03.nicepage.com/a1389d7bc73adea1e1c1fb7e/0f2f4b412b26550caf7baa71/pexels-photo-5480789.jpeg"},{"id":"user-image-pexels-photo-5645081.jpeg","publicUrl":"np://user.desktop.nicepage.com/Site_183763631/images/pexels-photo-5645081.jpeg","size":125803,"fileName":"pexels-photo-5645081.jpeg","name":"pexels-photo-5645081","width":2250,"height":1500,"thumbnail":{"url":"np://user.desktop.nicepage.com/Site_183763631/images/thumbnails/pexels-photo-5645081.jpeg","width":250,"height":167},"originalUrl":"//images03.nicepage.com/a1389d7bc73adea1e1c1fb7e/96801d25a4185d23a98ca80b/pexels-photo-5645081.jpeg"},{"id":"user-image-project_20221113_1555449-013.png","publicUrl":"np://user.desktop.nicepage.com/Site_183763631/images/project_20221113_1555449-013.png","size":26492,"fileName":"project_20221113_1555449-013.png","name":"project_20221113_1555449-013","width":1200,"height":630,"thumbnail":{"url":"np://user.desktop.nicepage.com/Site_183763631/images/thumbnails/project_20221113_1555449-013.png","width":250,"height":131}},{"id":"user-image-fff-min.png","publicUrl":"np://user.desktop.nicepage.com/Site_183763631/images/fff-min.png","size":137648,"fileName":"fff-min.png","name":"fff-min","width":648,"height":668,"thumbnail":{"url":"np://user.desktop.nicepage.com/Site_183763631/images/thumbnails/fff-min.png","width":243,"height":250},"originalUrl":"//images01.nicepage.com/c461c07a441a5d220e8feb1a/d9fe85fa7d3659328a803104/fff-min.png"},{"id":"user-image-ffffffffff-min.png","publicUrl":"np://user.desktop.nicepage.com/Site_183763631/images/ffffffffff-min.png","size":167906,"fileName":"ffffffffff-min.png","name":"ffffffffff-min","width":631,"height":573,"thumbnail":{"url":"np://user.desktop.nicepage.com/Site_183763631/images/thumbnails/ffffffffff-min.png","width":250,"height":227},"originalUrl":"//images01.nicepage.com/c461c07a441a5d220e8feb1a/af3d2614715c5e04b80b55f0/ffffffffff-min.png"},{"id":"user-image-561127.png","publicUrl":"np://user.desktop.nicepage.com/Site_183763631/images/561127.png","size":2275,"fileName":"561127.png","name":"561127","width":128,"height":128,"thumbnail":{"url":"np://user.desktop.nicepage.com/Site_183763631/images/thumbnails/561127.png","width":128,"height":128,"length":2275,"type":"png"}},{"id":"user-image-pexels-photo-3880976.jpeg","publicUrl":"np://user.desktop.nicepage.com/Site_183763631/images/pexels-photo-3880976.jpeg","size":119438,"fileName":"pexels-photo-3880976.jpeg","name":"pexels-photo-3880976","width":2124,"height":1500,"thumbnail":{"url":"np://user.desktop.nicepage.com/Site_183763631/images/thumbnails/pexels-photo-3880976.jpeg","width":250,"height":177},"originalUrl":"//images03.nicepage.com/a1389d7bc73adea1e1c1fb7e/933599aae1e658099ef5109b/pexels-photo-3880976.jpeg"},{"id":"user-image-a0a73df8664892e0e9846bc270e92322.jpeg","publicUrl":"np://user.desktop.nicepage.com/Site_183763631/images/a0a73df8664892e0e9846bc270e92322.jpeg","size":80401,"fileName":"a0a73df8664892e0e9846bc270e92322.jpeg","name":"a0a73df8664892e0e9846bc270e92322","width":630,"height":955,"thumbnail":{"url":"np://user.desktop.nicepage.com/Site_183763631/images/thumbnails/a0a73df8664892e0e9846bc270e92322.jpeg","width":165,"height":250},"originalUrl":"//images01.nicepage.com/a0/a7/a0a73df8664892e0e9846bc270e92322.jpeg"},{"id":"user-image-9f0abc1545ed1927f6f66c70fe1de498.jpeg","publicUrl":"np://user.desktop.nicepage.com/Site_183763631/images/9f0abc1545ed1927f6f66c70fe1de498.jpeg","size":112944,"fileName":"9f0abc1545ed1927f6f66c70fe1de498.jpeg","name":"9f0abc1545ed1927f6f66c70fe1de498","width":1350,"height":900,"thumbnail":{"url":"np://user.desktop.nicepage.com/Site_183763631/images/thumbnails/9f0abc1545ed1927f6f66c70fe1de498.jpeg","width":250,"height":167},"originalUrl":"//images01.nicepage.com/9f/0a/9f0abc1545ed1927f6f66c70fe1de498.jpeg"},{"id":"user-image-17d768d566aa4ed388fd9c2de3e00b86.jpeg","publicUrl":"np://user.desktop.nicepage.com/Site_183763631/images/17d768d566aa4ed388fd9c2de3e00b86.jpeg","size":148200,"fileName":"17d768d566aa4ed388fd9c2de3e00b86.jpeg","name":"17d768d566aa4ed388fd9c2de3e00b86","width":1600,"height":959,"thumbnail":{"url":"np://user.desktop.nicepage.com/Site_183763631/images/thumbnails/17d768d566aa4ed388fd9c2de3e00b86.jpeg","width":250,"height":150},"originalUrl":"//images01.nicepage.com/17/d7/17d768d566aa4ed388fd9c2de3e00b86.jpeg"},{"id":"user-image-b221d1459678c5fbb16753f0060f70f4.jpeg","publicUrl":"np://user.desktop.nicepage.com/Site_183763631/images/b221d1459678c5fbb16753f0060f70f4.jpeg","size":36559,"fileName":"b221d1459678c5fbb16753f0060f70f4.jpeg","name":"b221d1459678c5fbb16753f0060f70f4","width":512,"height":506,"thumbnail":{"url":"np://user.desktop.nicepage.com/Site_183763631/images/thumbnails/b221d1459678c5fbb16753f0060f70f4.jpeg","width":250,"height":247},"originalUrl":"//images01.nicepage.com/b2/21/b221d1459678c5fbb16753f0060f70f4.jpeg"},{"id":"user-image-pexels-photo-6892562.jpeg","publicUrl":"np://user.desktop.nicepage.com/Site_183763631/images/pexels-photo-6892562.jpeg","size":319613,"fileName":"pexels-photo-6892562.jpeg","name":"pexels-photo-6892562","width":1500,"height":844,"thumbnail":{"url":"np://user.desktop.nicepage.com/Site_183763631/images/thumbnails/pexels-photo-6892562.jpeg","width":250,"height":141},"originalUrl":"//images03.nicepage.com/a1389d7bc73adea1e1c1fb7e/c81ef6d8f7715173b71f6909/pexels-photo-6892562.jpeg"}]